thiago,positivo,legal































































































































thiago,negativo,watahel































































































































thiago,positivo,legal































































thiago,positivo,watahel































































pedro,positivo,omg















pedro,positivo,legal















